"Asset","Status","SourceUrl","DownloadUrl"
"asset-001.jpg","already-present","https://lh3.googleusercontent.com/sitesv/AG8ngQU_0JTlwQYMjtt281dnumzRpz_TdWvgkOfIqXxuDm9b02Yvf2JmAfdm7qxv4LbGuJtsHsS4O7XJNRgrOKj2jcnTVUSLUD73LTW1QHPcqcygoF2lmhh3GqomQDTXsVZfZDH6yUsxGsGxxT3rtiihG0Whwtp1618PpuP-4sRv3FmOp54DyOZyYrj6bUxI1bPmXdUVfYaN6whXfL0xsbJaR9AId_n-_rcPVor1YCHUs7Y=w1280","https://lh3.googleusercontent.com/sitesv/AG8ngQU_0JTlwQYMjtt281dnumzRpz_TdWvgkOfIqXxuDm9b02Yvf2JmAfdm7qxv4LbGuJtsHsS4O7XJNRgrOKj2jcnTVUSLUD73LTW1QHPcqcygoF2lmhh3GqomQDTXsVZfZDH6yUsxGsGxxT3rtiihG0Whwtp1618PpuP-4sRv3FmOp54DyOZyYrj6bUxI1bPmXdUVfYaN6whXfL0xsbJaR9AId_n-_rcPVor1YCHUs7Y=w1280"
"asset-002.jpg","downloaded","https://lh3.googleusercontent.com/sitesv/AG8ngQU0nCp-HP02SfPP06qydrX7u51pe70VRQrltmuKgJXJqmhc6f7eIm9UpYT7Uxaqep-M5VIYrKyldWIMA7Pd96jLk_vZQDQ8y0pKJFjxWE8v5b-nei-gxrUqCs7TN9rFrQJbhfZvQw8L2YnQcnZ_hrbk6_vZp-0WOyUa2aeSa8Kz4HhOm2gv7ZcvP1WxmVfTAHq6KZdnu_lF5p3j7Zd3rB2Dzo5ilf3bRYOtv1Vzhm8=w1280","https://lh3.googleusercontent.com/sitesv/AG8ngQU0nCp-HP02SfPP06qydrX7u51pe70VRQrltmuKgJXJqmhc6f7eIm9UpYT7Uxaqep-M5VIYrKyldWIMA7Pd96jLk_vZQDQ8y0pKJFjxWE8v5b-nei-gxrUqCs7TN9rFrQJbhfZvQw8L2YnQcnZ_hrbk6_vZp-0WOyUa2aeSa8Kz4HhOm2gv7ZcvP1WxmVfTAHq6KZdnu_lF5p3j7Zd3rB2Dzo5ilf3bRYOtv1Vzhm8=w1280"
"asset-003.jpg","already-present","https://lh3.googleusercontent.com/sitesv/AG8ngQUffkV9rxv2SAxXoj3Ur9j8lPwug4nINqaBvz-XtjFbbOfX2XSPklvyhdB7yepK5f2ALtp0gVVB46aZTjM5vQhp-fEYvsd6CmP1HttHQcQYlw6E5jHKOFwGUaELjs1gpI1Ji8DxeTh5EEvqSYE0NWGR7f4rkddVPB4-_7MYnQmCJuyFE9K2aAmJMNVE5nogOL58udE1q62TyJ3eb8JWq1LkFbp70y2OSO-EJcrxUeM=w1280","https://lh3.googleusercontent.com/sitesv/AG8ngQUffkV9rxv2SAxXoj3Ur9j8lPwug4nINqaBvz-XtjFbbOfX2XSPklvyhdB7yepK5f2ALtp0gVVB46aZTjM5vQhp-fEYvsd6CmP1HttHQcQYlw6E5jHKOFwGUaELjs1gpI1Ji8DxeTh5EEvqSYE0NWGR7f4rkddVPB4-_7MYnQmCJuyFE9K2aAmJMNVE5nogOL58udE1q62TyJ3eb8JWq1LkFbp70y2OSO-EJcrxUeM=w1280"
"asset-004.jpg","already-present","https://lh3.googleusercontent.com/sitesv/AG8ngQUO5JTcZ_Spts53UnYE4yu1eovwz0EWyoMQcl-s_z5T09eAEamOyAi4KuFcA2x9gTQfxMqYRJ42XH67q9t090QBA-kxnBfTgDKeRQ2mGlekeeBUBzIPKV9yD4y6mE1lCRCgbiCxYZkW6dKmVq__MFZSGI0076UG-vaZFccih8Cr53V0BlWofzdHNBCLFVsh2J7PKNW1sw98HeLOksIe2FkSDsc-s1wVbvCaV7oYrE0=w1280","https://lh3.googleusercontent.com/sitesv/AG8ngQUO5JTcZ_Spts53UnYE4yu1eovwz0EWyoMQcl-s_z5T09eAEamOyAi4KuFcA2x9gTQfxMqYRJ42XH67q9t090QBA-kxnBfTgDKeRQ2mGlekeeBUBzIPKV9yD4y6mE1lCRCgbiCxYZkW6dKmVq__MFZSGI0076UG-vaZFccih8Cr53V0BlWofzdHNBCLFVsh2J7PKNW1sw98HeLOksIe2FkSDsc-s1wVbvCaV7oYrE0=w1280"
"asset-005.jpg","already-present","https://lh3.googleusercontent.com/sitesv/AG8ngQUOn4As0II7uyVdldvEnz_B5ZYUXJzAx0IDVNaWgV3z0ZX6TWz16PxLTFlTFReUGMjZh-RZ2UgYauWbPiOe-RcW5wnW9MCKEhdoDE6rGFHX4ktvgOVFe9w8jzGPYKkn5lB_HwkkM5lnFZ-6uIXCCovrIlz3neDeWw8GbggQlaHY7z0opqxdtooO47OQrjCwRp6NikNY2oDZJRk4z9UZrybKR46W3PB1Wq4oh-QLfjE=w1280","https://lh3.googleusercontent.com/sitesv/AG8ngQUOn4As0II7uyVdldvEnz_B5ZYUXJzAx0IDVNaWgV3z0ZX6TWz16PxLTFlTFReUGMjZh-RZ2UgYauWbPiOe-RcW5wnW9MCKEhdoDE6rGFHX4ktvgOVFe9w8jzGPYKkn5lB_HwkkM5lnFZ-6uIXCCovrIlz3neDeWw8GbggQlaHY7z0opqxdtooO47OQrjCwRp6NikNY2oDZJRk4z9UZrybKR46W3PB1Wq4oh-QLfjE=w1280"
"asset-006.jpg","already-present","https://lh3.googleusercontent.com/sitesv/AG8ngQUPNrCi7YH7T6lWiUNkNPaVGNlJlg7HrgLSw-wy3OHINXzTqpPRuFVLhmHE_kvjMz0f9vA-oN1Lmf2Nq0p0crZINL8XTh1I47kmBsht8gliicaPp9tFTDXjubmyqDTPjKzIqKZJqCxTVOEVXzWrXCvZb9PesTNc4q1r-PPBFz39KebLZDuC_9dM-KiHAWg=w16383","https://lh3.googleusercontent.com/sitesv/AG8ngQUPNrCi7YH7T6lWiUNkNPaVGNlJlg7HrgLSw-wy3OHINXzTqpPRuFVLhmHE_kvjMz0f9vA-oN1Lmf2Nq0p0crZINL8XTh1I47kmBsht8gliicaPp9tFTDXjubmyqDTPjKzIqKZJqCxTVOEVXzWrXCvZb9PesTNc4q1r-PPBFz39KebLZDuC_9dM-KiHAWg=w16383"
"asset-007.jpg","already-present","https://lh3.googleusercontent.com/sitesv/AG8ngQUqF5oNe2gPYC1JFLb0k20EEnGiKCZu9mV3TE9IUzkikDFkDP9w2xVmfl_wzj_ATmSFEmPuhI92RmBKU1avZ4_awGotnEuYAMy-keGCa9juMRSxDVHwkUqNjVUSrNF-GgjWLEE8km8wKHPoVK3dpzitYvwuYOiPzfO9hnDz7pJTCer1_hlP8EpNv026joVWdW0mz9YbotqGi9bRAjVq3CKFe5ihKC8dT2w__rpC9UA=w1280","https://lh3.googleusercontent.com/sitesv/AG8ngQUqF5oNe2gPYC1JFLb0k20EEnGiKCZu9mV3TE9IUzkikDFkDP9w2xVmfl_wzj_ATmSFEmPuhI92RmBKU1avZ4_awGotnEuYAMy-keGCa9juMRSxDVHwkUqNjVUSrNF-GgjWLEE8km8wKHPoVK3dpzitYvwuYOiPzfO9hnDz7pJTCer1_hlP8EpNv026joVWdW0mz9YbotqGi9bRAjVq3CKFe5ihKC8dT2w__rpC9UA=w1280"
"asset-008.jpg","already-present","https://lh3.googleusercontent.com/sitesv/AG8ngQUsBRA8eIuEY0kmnRn1JKSx7258B2Ct_q6bdN3-MYUB1Foin1CToFpzNONXZWR4-VFUPLpXnVNCcJlULeeANhJ4R0G6csLB4mkUIlRVv1c9GMtRhk6dXBuWG56Sd8XNv-jDsWVOahGs9bXLGxhtHOplZxvLpFYQDAqWNDufwbEr4Rdm7wTtCzrO6F7UFWMIhkTazGMZZ14kDeR1rW4G9Aq5jTiAX8J5ZUhPY2aDEtg=w1280","https://lh3.googleusercontent.com/sitesv/AG8ngQUsBRA8eIuEY0kmnRn1JKSx7258B2Ct_q6bdN3-MYUB1Foin1CToFpzNONXZWR4-VFUPLpXnVNCcJlULeeANhJ4R0G6csLB4mkUIlRVv1c9GMtRhk6dXBuWG56Sd8XNv-jDsWVOahGs9bXLGxhtHOplZxvLpFYQDAqWNDufwbEr4Rdm7wTtCzrO6F7UFWMIhkTazGMZZ14kDeR1rW4G9Aq5jTiAX8J5ZUhPY2aDEtg=w1280"
"asset-009.jpg","already-present","https://lh3.googleusercontent.com/sitesv/AG8ngQUsPlcBhmxjRjM-bRjGdQEaSRNKuzuA3tqojf45kcW0rUV7o5m-GJwt5dVDV-DGhhN_8iJoc5TvwQuMS-z24JL_0AA3O5Oy1iy2kWtM5vkJRBwcPIin2X18HOXpsRH5k4SBjU7D1iUyEeDIocOtJQdRKvrfZbke3RoHxGTWLYyn7bqt1pR7lua7BVRD=w16383","https://lh3.googleusercontent.com/sitesv/AG8ngQUsPlcBhmxjRjM-bRjGdQEaSRNKuzuA3tqojf45kcW0rUV7o5m-GJwt5dVDV-DGhhN_8iJoc5TvwQuMS-z24JL_0AA3O5Oy1iy2kWtM5vkJRBwcPIin2X18HOXpsRH5k4SBjU7D1iUyEeDIocOtJQdRKvrfZbke3RoHxGTWLYyn7bqt1pR7lua7BVRD=w16383"
"asset-010.jpg","already-present","https://lh3.googleusercontent.com/sitesv/AG8ngQUvWCckm89BwtB6Hi7RcZRBrHoCIAqEZ1rXyGlpYPWZe9neOs4WdK4qr78l_gQc_ndjMjpWVF8aqXIPGdsKwIVOOQIEBFIjngBz09uIBe9-gV3BpMdBPbYaFm7eiRw1hiB1c3AjH8GryO_1qyj38k1C9gZ0DvCgBZwnelNNYjKOPq4wQx6rGVGaagJahIFCAEN3N1e_JDLUVDfUQHroO-aHI-hc0jycwFBK-GhnyTI=w1280","https://lh3.googleusercontent.com/sitesv/AG8ngQUvWCckm89BwtB6Hi7RcZRBrHoCIAqEZ1rXyGlpYPWZe9neOs4WdK4qr78l_gQc_ndjMjpWVF8aqXIPGdsKwIVOOQIEBFIjngBz09uIBe9-gV3BpMdBPbYaFm7eiRw1hiB1c3AjH8GryO_1qyj38k1C9gZ0DvCgBZwnelNNYjKOPq4wQx6rGVGaagJahIFCAEN3N1e_JDLUVDfUQHroO-aHI-hc0jycwFBK-GhnyTI=w1280"
"asset-011.jpg","already-present","https://lh3.googleusercontent.com/sitesv/AG8ngQUWqZCdyv2AdNaZXB1VEWR4i4nnxuP58qhc1h6GTFq7sMdJuwAs3-GcuY7X8ChXH7hfdS78dM0LzoSJ02gNEG2nhH0qc8qtxjDO7sY1Mxm57WE-ZIVjMqI1XPTeq085CP5MTohLSqPoUdN1tDqGScZyuWkj1J9erh-OEf3dRSCYrBFrl5VUy3Z1UyOPHk2vfQwX1qCHLpvADQ8v-IRJougbhvRw4p_bZlxqCWci=w1280","https://lh3.googleusercontent.com/sitesv/AG8ngQUWqZCdyv2AdNaZXB1VEWR4i4nnxuP58qhc1h6GTFq7sMdJuwAs3-GcuY7X8ChXH7hfdS78dM0LzoSJ02gNEG2nhH0qc8qtxjDO7sY1Mxm57WE-ZIVjMqI1XPTeq085CP5MTohLSqPoUdN1tDqGScZyuWkj1J9erh-OEf3dRSCYrBFrl5VUy3Z1UyOPHk2vfQwX1qCHLpvADQ8v-IRJougbhvRw4p_bZlxqCWci=w1280"
"asset-012.jpg","already-present","https://lh3.googleusercontent.com/sitesv/AG8ngQV_wGfSBb9t0MaE5lDtcIAq2CeR7VfWC_aBxMaavOUkH-UTvDIzCSQcb3pVJ3Q8VqQ20A5tAGQK4wqMk_kWz-n57di6m-HSQJ_RBPAUASwKDIm6jWBmlrMGtzgh5gNPm28qicKkhNlXroijIYm_Rw0SZY1edUvORB_KJ9XaO71GPhWzeycloo1ga5-u=w1280","https://lh3.googleusercontent.com/sitesv/AG8ngQV_wGfSBb9t0MaE5lDtcIAq2CeR7VfWC_aBxMaavOUkH-UTvDIzCSQcb3pVJ3Q8VqQ20A5tAGQK4wqMk_kWz-n57di6m-HSQJ_RBPAUASwKDIm6jWBmlrMGtzgh5gNPm28qicKkhNlXroijIYm_Rw0SZY1edUvORB_KJ9XaO71GPhWzeycloo1ga5-u=w1280"
"asset-013.jpg","already-present","https://lh3.googleusercontent.com/sitesv/AG8ngQVBA2t5RYTDjOLQCkwYXOdFrk8zGaEFuzh54viSw8YXyLdOYIFDABzqiM0y6T6c0uHpVCTglAfHkIwyezjwranOJC9OR_JwpQ5wJX9wxoJMtNWBVCx4KyqOT3Ik2SXg5OEsr1grVAchM5uS_GxecGQhUJLOPCt4gHizXK25Vt4iXDCvj8nV6-KSxJ8X9no=w16383","https://lh3.googleusercontent.com/sitesv/AG8ngQVBA2t5RYTDjOLQCkwYXOdFrk8zGaEFuzh54viSw8YXyLdOYIFDABzqiM0y6T6c0uHpVCTglAfHkIwyezjwranOJC9OR_JwpQ5wJX9wxoJMtNWBVCx4KyqOT3Ik2SXg5OEsr1grVAchM5uS_GxecGQhUJLOPCt4gHizXK25Vt4iXDCvj8nV6-KSxJ8X9no=w16383"
"asset-014.jpg","already-present","https://lh3.googleusercontent.com/sitesv/AG8ngQVCraRypMbwTDA04JPnPNuDFHfCyvIpVCkvRCeDtTogW3ZH9DnJat3kwky_4WCOC8W0mZcDRuD-5PbceC-i1VAiznrR5gnwaw1xWEJO1bYCvJvMTdPpLK4b3rGzGYftLT1ApsJeIJOU1MHkYEIGwhOEJQtvPDb728s1HbkW22DVaDeGYfK04Fn2Se0fFM0bIiqLUwSfke8-RlFTrQm2HSYvjWQiGXJ3YshdFQJn=w1280","https://lh3.googleusercontent.com/sitesv/AG8ngQVCraRypMbwTDA04JPnPNuDFHfCyvIpVCkvRCeDtTogW3ZH9DnJat3kwky_4WCOC8W0mZcDRuD-5PbceC-i1VAiznrR5gnwaw1xWEJO1bYCvJvMTdPpLK4b3rGzGYftLT1ApsJeIJOU1MHkYEIGwhOEJQtvPDb728s1HbkW22DVaDeGYfK04Fn2Se0fFM0bIiqLUwSfke8-RlFTrQm2HSYvjWQiGXJ3YshdFQJn=w1280"
"asset-015.jpg","already-present","https://lh3.googleusercontent.com/sitesv/AG8ngQVd7XK_1MsYKj6iACu_JlA7UDFlM_ih5FE769Y9L3h3cMtKurNXZ876mJ1KTc2do3_JVOCl7saem5dwm-WR_e6EBOLXsre42-laYWkKDKYJ7GErEtY24xkyO3W9TUxfmzU4JTvOEUxw-vL2SujDvW6vr7B08H7guWh9H4tSA8zmi4ErP4OuAj95dKE7P4OC_YUcS9z5Vb4a6u4naOtMzF58DWE4yTrXk_YVhL6f=w1280","https://lh3.googleusercontent.com/sitesv/AG8ngQVd7XK_1MsYKj6iACu_JlA7UDFlM_ih5FE769Y9L3h3cMtKurNXZ876mJ1KTc2do3_JVOCl7saem5dwm-WR_e6EBOLXsre42-laYWkKDKYJ7GErEtY24xkyO3W9TUxfmzU4JTvOEUxw-vL2SujDvW6vr7B08H7guWh9H4tSA8zmi4ErP4OuAj95dKE7P4OC_YUcS9z5Vb4a6u4naOtMzF58DWE4yTrXk_YVhL6f=w1280"
"asset-016.jpg","already-present","https://lh3.googleusercontent.com/sitesv/AG8ngQVe-2xkkpD8bvjvEpwtrYJIBjzCydamsm2uCtFYDsMXUQHEvNFNvcAOSQdaZUAfR9qgVBROClVTWnn8j_dUHXjHrGUqHee3yTB95KawUMY2KKhSEVlG-OcF037YdiXlfnaVa1A_ykmeATkkjGk0LQuRCg3uTpH9dotqTNFpXuL8_pTLwhfsfn4le_dN9mpfRYZWgVgb4eerA5dmLKTDYjEVdRI7EgEuMYd3ORB0Ib8=w1280","https://lh3.googleusercontent.com/sitesv/AG8ngQVe-2xkkpD8bvjvEpwtrYJIBjzCydamsm2uCtFYDsMXUQHEvNFNvcAOSQdaZUAfR9qgVBROClVTWnn8j_dUHXjHrGUqHee3yTB95KawUMY2KKhSEVlG-OcF037YdiXlfnaVa1A_ykmeATkkjGk0LQuRCg3uTpH9dotqTNFpXuL8_pTLwhfsfn4le_dN9mpfRYZWgVgb4eerA5dmLKTDYjEVdRI7EgEuMYd3ORB0Ib8=w1280"
"asset-017.jpg","already-present","https://lh3.googleusercontent.com/sitesv/AG8ngQVKElA_UrewlKVutUZd4ueBHCmLN8QJ3Wdz9d2necAyD9Z7E_ZNkvlEuDQlwgjtzRBYd7rtXTdSQGZDvGaveAeJnHXqQtK-3PdDzMYZ1wc9WDZyLfbHeKHTVPeNgZpU6ouceJ8pRDjTvXhVGGA0lFoESY_6CEjfR_OOFbn9wLT5ZMUtgBjUcQLn1pGU72kQ_s5PKhSYFI0VPmZEyHo86YmNw6YlPWYPojXVXzQE=w1280","https://lh3.googleusercontent.com/sitesv/AG8ngQVKElA_UrewlKVutUZd4ueBHCmLN8QJ3Wdz9d2necAyD9Z7E_ZNkvlEuDQlwgjtzRBYd7rtXTdSQGZDvGaveAeJnHXqQtK-3PdDzMYZ1wc9WDZyLfbHeKHTVPeNgZpU6ouceJ8pRDjTvXhVGGA0lFoESY_6CEjfR_OOFbn9wLT5ZMUtgBjUcQLn1pGU72kQ_s5PKhSYFI0VPmZEyHo86YmNw6YlPWYPojXVXzQE=w1280"
"asset-018.jpg","already-present","https://lh3.googleusercontent.com/sitesv/AG8ngQVTDp4ZwujpYnqBaJDKSHd24bc3mchzU3shgtoKZwyQE71mdvDhVDF-jXWpXvegvh9LhSS7AWObxvCpwPWpTTuIDiZhH3cD3_R0KQvinGjWgjAK--mGGzeEO2cSY2jIdCQDlSiKD-p9x3gsKgTz82wEBV6wXxiVRXzkKyqA2g2WhZA_CMzsT3__U9Xq4WWUlLuRNuN504yGfUBrKpEaxtD00rpNY6pJyp43xw9W26k=w1280","https://lh3.googleusercontent.com/sitesv/AG8ngQVTDp4ZwujpYnqBaJDKSHd24bc3mchzU3shgtoKZwyQE71mdvDhVDF-jXWpXvegvh9LhSS7AWObxvCpwPWpTTuIDiZhH3cD3_R0KQvinGjWgjAK--mGGzeEO2cSY2jIdCQDlSiKD-p9x3gsKgTz82wEBV6wXxiVRXzkKyqA2g2WhZA_CMzsT3__U9Xq4WWUlLuRNuN504yGfUBrKpEaxtD00rpNY6pJyp43xw9W26k=w1280"
"asset-019.jpg","already-present","https://lh3.googleusercontent.com/sitesv/AG8ngQVUdMWaT9x3oMNEInMQSEpw3MIGINAq5-mKE25KWN5-iaAO9NDKixSmMN0UJN8cxs7-_QkBG9YUihGHvK5uvbZcFmufdk_WqPSW1p-4HOJIwFbBgg2pnikICBV7ZsbQ1RXTUQHL8GIwcbD3_XJzxkZZ_SNqUortqvNhPDdcGFVQSRC1K_aLuGyExGkt8iKL49EUfIs3sLaRulMPbf47MDpxYBw21xmeaYKFS8o7Rmw=w1280","https://lh3.googleusercontent.com/sitesv/AG8ngQVUdMWaT9x3oMNEInMQSEpw3MIGINAq5-mKE25KWN5-iaAO9NDKixSmMN0UJN8cxs7-_QkBG9YUihGHvK5uvbZcFmufdk_WqPSW1p-4HOJIwFbBgg2pnikICBV7ZsbQ1RXTUQHL8GIwcbD3_XJzxkZZ_SNqUortqvNhPDdcGFVQSRC1K_aLuGyExGkt8iKL49EUfIs3sLaRulMPbf47MDpxYBw21xmeaYKFS8o7Rmw=w1280"
"asset-020.jpg","downloaded","https://lh3.googleusercontent.com/sitesv/AG8ngQVZ_9VYMT3IzsCdfyOX9nK3QnL4xc0_WG1SgLkZvTFKNbJh-AaiImGw4WZ5SHWdU0TNyEmLqYRoWOOzyWxVWUd91QqxPCTlS4DRaH78VRWiR8xLxk-_-AEgFCdbQ10atD1BxVV-0vDENeJlN1czbsxEuBfQRTk-j7L3I5YC7UaIQ8iGRrnJemJB7CyZPAk-LzjfOqK06KgQzv0xL6wqNSQ6a2yxidXxuS8lIyGEd1s=w1280","https://lh3.googleusercontent.com/sitesv/AG8ngQVZ_9VYMT3IzsCdfyOX9nK3QnL4xc0_WG1SgLkZvTFKNbJh-AaiImGw4WZ5SHWdU0TNyEmLqYRoWOOzyWxVWUd91QqxPCTlS4DRaH78VRWiR8xLxk-_-AEgFCdbQ10atD1BxVV-0vDENeJlN1czbsxEuBfQRTk-j7L3I5YC7UaIQ8iGRrnJemJB7CyZPAk-LzjfOqK06KgQzv0xL6wqNSQ6a2yxidXxuS8lIyGEd1s=w1280"
"asset-021.jpg","downloaded","https://lh3.googleusercontent.com/sitesv/AG8ngQVz6ic9uGimI15iMQlIKcdug0vKVwrqQ9JJcK5v_62fo-I84OWpGbAypKKrAwhk9lpPH6iKCO-MT8Ung4QIwOSfmFGfTrUuKPDhNBC4vef9rKORWObhN8fV4j0jwB7zUgwTyL6gdCHVFf8B7o3bnusKAO1Fv7ZKDKohNMfJg6u5oRkysI2RbKYusWQA_h_OHpIiAPmvDXQWZJiKECNwUkl9pRi1EuTh_Oa0WywuXl8=w1280","https://lh3.googleusercontent.com/sitesv/AG8ngQVz6ic9uGimI15iMQlIKcdug0vKVwrqQ9JJcK5v_62fo-I84OWpGbAypKKrAwhk9lpPH6iKCO-MT8Ung4QIwOSfmFGfTrUuKPDhNBC4vef9rKORWObhN8fV4j0jwB7zUgwTyL6gdCHVFf8B7o3bnusKAO1Fv7ZKDKohNMfJg6u5oRkysI2RbKYusWQA_h_OHpIiAPmvDXQWZJiKECNwUkl9pRi1EuTh_Oa0WywuXl8=w1280"
"asset-022.jpg","downloaded","https://lh3.googleusercontent.com/sitesv/AG8ngQW6BZ-nyk_XE78X-0kDfvYDx9E9YZuKsHdHGEF9JC6JCcyD6AbjMVUPXN2VST-yy4hNj4dgS8d7WEnNzBrWhWhmpHsA4aBzPtJrEmrRL12A5flO6hezK0r7pJgBrz5jpTSDmlB57PDRyqDtccezZJiVxZ5xTZHcEFX2bA0Ngt7MptCGRh4EkVuqof0Z=w16383","https://lh3.googleusercontent.com/sitesv/AG8ngQW6BZ-nyk_XE78X-0kDfvYDx9E9YZuKsHdHGEF9JC6JCcyD6AbjMVUPXN2VST-yy4hNj4dgS8d7WEnNzBrWhWhmpHsA4aBzPtJrEmrRL12A5flO6hezK0r7pJgBrz5jpTSDmlB57PDRyqDtccezZJiVxZ5xTZHcEFX2bA0Ngt7MptCGRh4EkVuqof0Z=w16383"
"asset-023.jpg","downloaded","https://lh3.googleusercontent.com/sitesv/AG8ngQW8JGA2gaVezhqur-zw9sJLdxLh_ZGJ5mJ9hYQoE-IAv79Y-9tqJs8xjZIL0-YPLBXF3Lgo5w69S7ahpcQogPcAQP8gTauS3eoTqIlwt4xb28z1rYK1Y-nUs--TYz4uEozGDaA8YljYXtrniJVa39LhYkzFfYdAn_sF_dLW78S9I9e5ScOnkpkw23dy_yHNRVPEi3jySVNZTMbLOsQ5DTNgyTmXHkhcdJqsa8xUiBQ=w1280","https://lh3.googleusercontent.com/sitesv/AG8ngQW8JGA2gaVezhqur-zw9sJLdxLh_ZGJ5mJ9hYQoE-IAv79Y-9tqJs8xjZIL0-YPLBXF3Lgo5w69S7ahpcQogPcAQP8gTauS3eoTqIlwt4xb28z1rYK1Y-nUs--TYz4uEozGDaA8YljYXtrniJVa39LhYkzFfYdAn_sF_dLW78S9I9e5ScOnkpkw23dy_yHNRVPEi3jySVNZTMbLOsQ5DTNgyTmXHkhcdJqsa8xUiBQ=w1280"
"asset-024.jpg","downloaded","https://lh3.googleusercontent.com/sitesv/AG8ngQW8Y7D1VYureS-oqFdOzK3OQN8dT3TCVpgFGblpLnFFqcLozUC7nts9tdlNfcBgFgIsZk5IcVrJO1ZeWTLKmXOpMLJynsXtK3SGz-8S4lZ-ZdpIUWknB4rDWEvBLfKwP0bkpWRjeyqgsGeC0SSpxYLDUGV4WBMgL79aee44Qt163DlgJ9SZh0rr8h898A0=w16383","https://lh3.googleusercontent.com/sitesv/AG8ngQW8Y7D1VYureS-oqFdOzK3OQN8dT3TCVpgFGblpLnFFqcLozUC7nts9tdlNfcBgFgIsZk5IcVrJO1ZeWTLKmXOpMLJynsXtK3SGz-8S4lZ-ZdpIUWknB4rDWEvBLfKwP0bkpWRjeyqgsGeC0SSpxYLDUGV4WBMgL79aee44Qt163DlgJ9SZh0rr8h898A0=w16383"
"asset-025.jpg","blocked","https://lh3.googleusercontent.com/sitesv/AG8ngQW9fE2xsiSD5iqhfd-mcQMDlby-rFt3YM0cKTZASrjjRAeMcIFMXAUbH9ZxlCAluW3Wyggu_tID7WJjBYZi_yIgnxzY-FolMDaPHO_FxCS6GRVIE4_FnJjySFTUg-Tq_CBPyJF8gcWe2xN5MJOauhFKoILu14dvV7giRBr0M7eTcj5t1gm-i4O82h4LF_V-xTgBj7m4q-80oUTN2PhDKIqu6_XS0DrE3uhkzn8C=w1280","https://lh3.googleusercontent.com/sitesv/AG8ngQW9fE2xsiSD5iqhfd-mcQMDlby-rFt3YM0cKTZASrjjRAeMcIFMXAUbH9ZxlCAluW3Wyggu_tID7WJjBYZi_yIgnxzY-FolMDaPHO_FxCS6GRVIE4_FnJjySFTUg-Tq_CBPyJF8gcWe2xN5MJOauhFKoILu14dvV7giRBr0M7eTcj5t1gm-i4O82h4LF_V-xTgBj7m4q-80oUTN2PhDKIqu6_XS0DrE3uhkzn8C=w1280"
"asset-026.jpg","downloaded","https://lh3.googleusercontent.com/sitesv/AG8ngQWCLmO28HdwKSsaup_-QTDicHYGViBnzuWoVDt_ILWDtmRG51A1zPukBWNzt28EX51UO6mGYj0zDsusO7phUGB8aix7C0j77oCdHffHAeVg2wE9dBi5JDFcjFEMc0drsABuUkZY_zTh5RVTvBo-coHWdwLfFdxVP47AA3iosgrJU-j784QU0F_Tf-kpe4X6Vxmmu0Of_fI93T0UAHP_oQwHlLX3FbEDO0EKUeknXMc=w1280","https://lh3.googleusercontent.com/sitesv/AG8ngQWCLmO28HdwKSsaup_-QTDicHYGViBnzuWoVDt_ILWDtmRG51A1zPukBWNzt28EX51UO6mGYj0zDsusO7phUGB8aix7C0j77oCdHffHAeVg2wE9dBi5JDFcjFEMc0drsABuUkZY_zTh5RVTvBo-coHWdwLfFdxVP47AA3iosgrJU-j784QU0F_Tf-kpe4X6Vxmmu0Of_fI93T0UAHP_oQwHlLX3FbEDO0EKUeknXMc=w1280"
"asset-027.jpg","downloaded","https://lh3.googleusercontent.com/sitesv/AG8ngQWeP-o4jkFwisbKFQHK08g3veedEJOSHlTITNlbivmhquiyvqaJMIJNeyumA7OrD7WqhUydGEJmpGLgUOZly2HCFHxUETtpHH3nLHCxrq_3kWFp3GGbkEvlg8aUxj-dJZ02raB1m-oSwviosSEvADGARf0mhGfh2knorSGTUfmwbAqHTZTkJwgZqxrRBzqHSz2JnuBEcWsdVWF9VYg9LjbXjVJm5M8sv1a5YwznG2E=w1280","https://lh3.googleusercontent.com/sitesv/AG8ngQWeP-o4jkFwisbKFQHK08g3veedEJOSHlTITNlbivmhquiyvqaJMIJNeyumA7OrD7WqhUydGEJmpGLgUOZly2HCFHxUETtpHH3nLHCxrq_3kWFp3GGbkEvlg8aUxj-dJZ02raB1m-oSwviosSEvADGARf0mhGfh2knorSGTUfmwbAqHTZTkJwgZqxrRBzqHSz2JnuBEcWsdVWF9VYg9LjbXjVJm5M8sv1a5YwznG2E=w1280"
"asset-028.jpg","blocked","https://lh3.googleusercontent.com/sitesv/AG8ngQWLiOde5051Rp-Ov7blSSo2mShhJLE0Xe_PkpLBM5tvQOtz56tOmWdhu4rlvB3SLFl1ebl_rmFrkqfgzSIhD-uxFIamWd2lfaEbR1E5f-2ZYYqUoQSQkziDZH68s_vZRsFCD4LJZFJ8VuqOHF4Or8tZY31rLkfPtXl5e1nEXbHgF0eP68cltmiK0T8eJbSfzXjXaOBONDbi5REhklOFBdCXgHRZW__d_zOiiHBZNjM=w1280","https://lh3.googleusercontent.com/sitesv/AG8ngQWLiOde5051Rp-Ov7blSSo2mShhJLE0Xe_PkpLBM5tvQOtz56tOmWdhu4rlvB3SLFl1ebl_rmFrkqfgzSIhD-uxFIamWd2lfaEbR1E5f-2ZYYqUoQSQkziDZH68s_vZRsFCD4LJZFJ8VuqOHF4Or8tZY31rLkfPtXl5e1nEXbHgF0eP68cltmiK0T8eJbSfzXjXaOBONDbi5REhklOFBdCXgHRZW__d_zOiiHBZNjM=w1280"
"asset-029.jpg","blocked","https://lh3.googleusercontent.com/sitesv/AG8ngQWpXZXEQw4i1rkgcWddAbU68-Rg4Kph0kJS9VLOuvP9IhCUVGdzZcrerMmUNbJdfkUyf3zjNTtChuMkIE15n5-J6dIfRwn5W01-1rxjjqWeR9ON28ZAyZgBcJ-nG3zh88ZF_DqUvgaXfnX4mZPg-rI3hxVG7AXhhL7Lkxd6mtLlEhZ3p8qpPXLgJ6bkfTd874Lioed9BVN8O1yXEIzPxY9Ap6BD8K-nLGieLLLK=w1280","https://lh3.googleusercontent.com/sitesv/AG8ngQWpXZXEQw4i1rkgcWddAbU68-Rg4Kph0kJS9VLOuvP9IhCUVGdzZcrerMmUNbJdfkUyf3zjNTtChuMkIE15n5-J6dIfRwn5W01-1rxjjqWeR9ON28ZAyZgBcJ-nG3zh88ZF_DqUvgaXfnX4mZPg-rI3hxVG7AXhhL7Lkxd6mtLlEhZ3p8qpPXLgJ6bkfTd874Lioed9BVN8O1yXEIzPxY9Ap6BD8K-nLGieLLLK=w1280"
"asset-030.jpg","downloaded","https://lh3.googleusercontent.com/sitesv/AG8ngQWtlotNDlBgBti7F0PTF8pqityXeCt3apwnzvPwp55B3PGvFSHGC_Ifb0rmMydYU100aCjDfcthJT7JjNXWIR9G7SWD9JJrl1t7w6Li7kjFXn-HgSvVihxXOocR2tQqWId6kE0w_a94KAS9fPEGeSXHi9e6LA6f6j00szS36RFOMppcfjBokUfBLlUh1tM=w1280","https://lh3.googleusercontent.com/sitesv/AG8ngQWtlotNDlBgBti7F0PTF8pqityXeCt3apwnzvPwp55B3PGvFSHGC_Ifb0rmMydYU100aCjDfcthJT7JjNXWIR9G7SWD9JJrl1t7w6Li7kjFXn-HgSvVihxXOocR2tQqWId6kE0w_a94KAS9fPEGeSXHi9e6LA6f6j00szS36RFOMppcfjBokUfBLlUh1tM=w1280"
"asset-031.jpg","blocked","https://lh3.googleusercontent.com/sitesv/AG8ngQWU6J8vLyXxEx3FYSEM1eajTH8Z4aRemSpRQ1ZPQUB2PZ0XjaMpAy2OcWmkosRqG9E7HdVXZ5WbBmIQ0PkvRGk-8YrCRLjmL6ZSZtobb8lbko2moksc4MgIdIlVB1noNRmfkKV-vRxX7eTkjQW38aU9q07XP2yaXDSKn8IcxeOKd9yy4rFabj6qD-wn67Z1Ly8tXRB5l9oYHhkp7m3n8YQdxMM8hhQ2xDcwqMUH=w1280","https://lh3.googleusercontent.com/sitesv/AG8ngQWU6J8vLyXxEx3FYSEM1eajTH8Z4aRemSpRQ1ZPQUB2PZ0XjaMpAy2OcWmkosRqG9E7HdVXZ5WbBmIQ0PkvRGk-8YrCRLjmL6ZSZtobb8lbko2moksc4MgIdIlVB1noNRmfkKV-vRxX7eTkjQW38aU9q07XP2yaXDSKn8IcxeOKd9yy4rFabj6qD-wn67Z1Ly8tXRB5l9oYHhkp7m3n8YQdxMM8hhQ2xDcwqMUH=w1280"
"asset-032.jpg","downloaded","https://lh3.googleusercontent.com/sitesv/AG8ngQWuLpFWGGjkhPf-idG1H5i8vF4bXpypr_nTYMgqmO2DTwaRkWXTJqLUuXHaCzyYnb1nTMgdI9A89zuQERym5wqdVsa9CSuLhdzo3XCTBhd5v-8JZM-hAQ62O09trwdY7kSNYadJowIJAaXBRY1V2BZy4XMdnsx-eHzcGaP3iVoMSbimdKfILPBRxFcYcAu1YzfPLvhB-oUSDqzuzHSq1k8p4PXGPsiRUTuzvKUhVOQ=w1280","https://lh3.googleusercontent.com/sitesv/AG8ngQWuLpFWGGjkhPf-idG1H5i8vF4bXpypr_nTYMgqmO2DTwaRkWXTJqLUuXHaCzyYnb1nTMgdI9A89zuQERym5wqdVsa9CSuLhdzo3XCTBhd5v-8JZM-hAQ62O09trwdY7kSNYadJowIJAaXBRY1V2BZy4XMdnsx-eHzcGaP3iVoMSbimdKfILPBRxFcYcAu1YzfPLvhB-oUSDqzuzHSq1k8p4PXGPsiRUTuzvKUhVOQ=w1280"
"asset-033.jpg","blocked","https://lh3.googleusercontent.com/sitesv/AG8ngQWWUojU_bIg9LxpWkC8xWp4H57KD9mv-u5RNWSn1uqutXmePmPW6_CGyx4BfDeRd254tA7Dq5YyDC9vIxz7aWMlBxR8RsfiYzDXI3M2eiLZaxvCtkYt-BuYF-JNAHIUw5hMUW_BydijV0C4W_HzKf-tkMCtyvhhZV18tLcWPxM92YAXTnQOzG_mkLMvcKDxXfl8bjyWpyPfV9g6NElrk22_E1aq3Rf9cJKw8VxAE8s=w1280","https://lh3.googleusercontent.com/sitesv/AG8ngQWWUojU_bIg9LxpWkC8xWp4H57KD9mv-u5RNWSn1uqutXmePmPW6_CGyx4BfDeRd254tA7Dq5YyDC9vIxz7aWMlBxR8RsfiYzDXI3M2eiLZaxvCtkYt-BuYF-JNAHIUw5hMUW_BydijV0C4W_HzKf-tkMCtyvhhZV18tLcWPxM92YAXTnQOzG_mkLMvcKDxXfl8bjyWpyPfV9g6NElrk22_E1aq3Rf9cJKw8VxAE8s=w1280"
"asset-034.jpg","downloaded","https://lh3.googleusercontent.com/sitesv/AG8ngQX_yudWB_-wIcQGT5qADIToeF3QK0PeVImdUNfwRjGvMUCW99_wd0wm8O6sDuwK5JOF1ZP_YyPD6zmZVdcXl-CjZ5rQ3NJiZ7Zp9DyzVz4Fb0_SlNh0Juvji31T-4Yrukzg9GF9RXGhSwh3G-UmfWS3M8immmq1uLLEhmzAMoQyg54_N8jDhs-KFg39m_Ran921DEsqjWsOGyPlIJbneqNwPvfuwF575KPfHqODLsM=w1280","https://lh3.googleusercontent.com/sitesv/AG8ngQX_yudWB_-wIcQGT5qADIToeF3QK0PeVImdUNfwRjGvMUCW99_wd0wm8O6sDuwK5JOF1ZP_YyPD6zmZVdcXl-CjZ5rQ3NJiZ7Zp9DyzVz4Fb0_SlNh0Juvji31T-4Yrukzg9GF9RXGhSwh3G-UmfWS3M8immmq1uLLEhmzAMoQyg54_N8jDhs-KFg39m_Ran921DEsqjWsOGyPlIJbneqNwPvfuwF575KPfHqODLsM=w1280"
"asset-035.jpg","blocked","https://lh3.googleusercontent.com/sitesv/AG8ngQX0y9LjPWEZlwibyQpBScxweiq4RssrTb3Bj9ZfguVdGdD12TDoPHudS-hDZeLlXD9Ln5QjZXB-MgpQCAj9AL6MknMQcIDk04I53ExdSbrTOwMo2SJY5LTkaXaoikD8vCOBbZLl_c7cFk8JA1d7diWCWBHJv5PtOf69lx1Y6-SBpnVshOWL8aqi76CU2RipNnZM2NbtE4OsUBYj_RwZfx7Cn6WGqhtLQ_9piKhQJTI=w1280","https://lh3.googleusercontent.com/sitesv/AG8ngQX0y9LjPWEZlwibyQpBScxweiq4RssrTb3Bj9ZfguVdGdD12TDoPHudS-hDZeLlXD9Ln5QjZXB-MgpQCAj9AL6MknMQcIDk04I53ExdSbrTOwMo2SJY5LTkaXaoikD8vCOBbZLl_c7cFk8JA1d7diWCWBHJv5PtOf69lx1Y6-SBpnVshOWL8aqi76CU2RipNnZM2NbtE4OsUBYj_RwZfx7Cn6WGqhtLQ_9piKhQJTI=w1280"
"asset-036.jpg","downloaded","https://lh3.googleusercontent.com/sitesv/AG8ngQX8QYgDZEWUBeRuzFDdPSV37WccNXZsbd84BqX8Gob4aQdc_Wivr0D4XriyH4_d8SBglVrcO4R29JqpTtg3-_acBKJXLX4tTydTOQ3hpL-cf5vAN95IeVRC0E0xgLrvUrd6q0-MFrpF2NfCuAf8tmOg5tFBmHltQ0ukbQbCeUcwUD8Ufu0lz9LpMh0sr8BFXgLYtx7MN92Cu5eqbBXNKlcZ2UGE26dun2vP2w_43_U=w1280","https://lh3.googleusercontent.com/sitesv/AG8ngQX8QYgDZEWUBeRuzFDdPSV37WccNXZsbd84BqX8Gob4aQdc_Wivr0D4XriyH4_d8SBglVrcO4R29JqpTtg3-_acBKJXLX4tTydTOQ3hpL-cf5vAN95IeVRC0E0xgLrvUrd6q0-MFrpF2NfCuAf8tmOg5tFBmHltQ0ukbQbCeUcwUD8Ufu0lz9LpMh0sr8BFXgLYtx7MN92Cu5eqbBXNKlcZ2UGE26dun2vP2w_43_U=w1280"
"asset-037.jpg","blocked","https://lh3.googleusercontent.com/sitesv/AG8ngQX9Ad_5P1R7oZUa9ieoAXBP6zS2sv7iEnKRewA9Q099cPfDZkLihj-NrQDnKV3MOwM2XdZIpGn2hJePRBsX_zYoVLce5v5CgMyL_YF15oCWv0hWAGH6ohivCokpxg7Zf-fb_SHMd8sdIjmnFg_xMbkHYYLRVflnIWF9-vhXB1cglwt8f5Rz87GyIydc-ox7uYoiSzXFknG_Md8-K9MeWt0Z02AZidCUvBxFSRXRF7Q=w1280","https://lh3.googleusercontent.com/sitesv/AG8ngQX9Ad_5P1R7oZUa9ieoAXBP6zS2sv7iEnKRewA9Q099cPfDZkLihj-NrQDnKV3MOwM2XdZIpGn2hJePRBsX_zYoVLce5v5CgMyL_YF15oCWv0hWAGH6ohivCokpxg7Zf-fb_SHMd8sdIjmnFg_xMbkHYYLRVflnIWF9-vhXB1cglwt8f5Rz87GyIydc-ox7uYoiSzXFknG_Md8-K9MeWt0Z02AZidCUvBxFSRXRF7Q=w1280"
"asset-038.jpg","blocked","https://lh3.googleusercontent.com/sitesv/AG8ngQXABIkfRWT2_wGIXkOhbg57ecQB5_96Zl8McnuI8-VNHWnsgGFtrgsp9_zKPCwwdfe8edD3AtYVQN48-GAYJmV4kTdOPo4ER9a9QrM9iJ_U9rYvOXdx8u0r8i-cuo2zEvnP53IBjz9JIql1xGuf4EcZI6eo7ajEUTxhVFQ7u5WvWQEpPvlcO_LStetSeX7YDbxnI72dLlZJ7UUvzlvKDI3Z_twQOffq_1v_ifDTArk=w1280","https://lh3.googleusercontent.com/sitesv/AG8ngQXABIkfRWT2_wGIXkOhbg57ecQB5_96Zl8McnuI8-VNHWnsgGFtrgsp9_zKPCwwdfe8edD3AtYVQN48-GAYJmV4kTdOPo4ER9a9QrM9iJ_U9rYvOXdx8u0r8i-cuo2zEvnP53IBjz9JIql1xGuf4EcZI6eo7ajEUTxhVFQ7u5WvWQEpPvlcO_LStetSeX7YDbxnI72dLlZJ7UUvzlvKDI3Z_twQOffq_1v_ifDTArk=w1280"
"asset-039.jpg","blocked","https://lh3.googleusercontent.com/sitesv/AG8ngQXRzv34Yqy7kEuWYsfFYnz41VaPEGwKNdXnGS2NRyzm4eTkN8mV6Kn5HCMC9IC1qBblsSwNcjShUQW8JRGFVL2WsdFzu-KMwv8D3yPhYuuPdFrZqLy4t8ysOxGnzS1BLaGLSktqrpo1pLJhSMen7Mg35x7K4WUZCyDDCwt2GIKXFKklhilmQbH3fuhUQ3AhXm_aJC38sjRRqTxuJvab_0ZaqP-3QQSoXiCLO5ZKlrY=w1280","https://lh3.googleusercontent.com/sitesv/AG8ngQXRzv34Yqy7kEuWYsfFYnz41VaPEGwKNdXnGS2NRyzm4eTkN8mV6Kn5HCMC9IC1qBblsSwNcjShUQW8JRGFVL2WsdFzu-KMwv8D3yPhYuuPdFrZqLy4t8ysOxGnzS1BLaGLSktqrpo1pLJhSMen7Mg35x7K4WUZCyDDCwt2GIKXFKklhilmQbH3fuhUQ3AhXm_aJC38sjRRqTxuJvab_0ZaqP-3QQSoXiCLO5ZKlrY=w1280"
"asset-040.jpg","downloaded","https://lh3.googleusercontent.com/sitesv/AG8ngQXsGuM8UFNs-HAVeLKipKi8JbzpGz_a2h0ieTqWRPYIZmJjRS8Y2PEc9b3YxRiloVVW7xHNPwXUuT7yLnvE-i83gFQI9q8uLx9pWbhi9KGEzIYHlpWavWaEgCauEo0G1rxqZknpKd2ZWAZ1JNlnNqW11JuxRdIzSDCofg8whqKgn4W1T68kawS-HYJMlbRaZSAVuX4qeAkKhEmP1-V-0Pmn3NLdWUF8qQPEz54FagY=w1280","https://lh3.googleusercontent.com/sitesv/AG8ngQXsGuM8UFNs-HAVeLKipKi8JbzpGz_a2h0ieTqWRPYIZmJjRS8Y2PEc9b3YxRiloVVW7xHNPwXUuT7yLnvE-i83gFQI9q8uLx9pWbhi9KGEzIYHlpWavWaEgCauEo0G1rxqZknpKd2ZWAZ1JNlnNqW11JuxRdIzSDCofg8whqKgn4W1T68kawS-HYJMlbRaZSAVuX4qeAkKhEmP1-V-0Pmn3NLdWUF8qQPEz54FagY=w1280"
"asset-041.jpg","blocked","https://lh3.googleusercontent.com/sitesv/AG8ngQXTmS6hznEMZ0A11t44htS7b5tJ4RL-Xx4LCFLoB1mVpeOB2LReOvdZHVHjIRlgwjgyQ7lSOEt2H_ukHegk3DW3bZvopeqNXBekhQBAmLKqsmEyQE70H8qUdg0wSeJKcIXWKrJGfnhPzinGU1vF5EiWVGZmi9_iLER08SOhvF8_sty8ndZL81Hf0S3gBUblhhI7mDFWRb8mPOA8HrYEsFCUbvBHtiarGA7po5eG=w1280","https://lh3.googleusercontent.com/sitesv/AG8ngQXTmS6hznEMZ0A11t44htS7b5tJ4RL-Xx4LCFLoB1mVpeOB2LReOvdZHVHjIRlgwjgyQ7lSOEt2H_ukHegk3DW3bZvopeqNXBekhQBAmLKqsmEyQE70H8qUdg0wSeJKcIXWKrJGfnhPzinGU1vF5EiWVGZmi9_iLER08SOhvF8_sty8ndZL81Hf0S3gBUblhhI7mDFWRb8mPOA8HrYEsFCUbvBHtiarGA7po5eG=w1280"
"asset-042.jpg","downloaded","https://lh3.googleusercontent.com/sitesv/AG8ngQXUtfblTvMHNdiMeRXFV4vyjJqtUN1wg1Wt9-rhd0L9X5m9dJuFFTu6MaYmXOFbpUkR5y9OdP5wFEFLiBHqKq7nO9Qvr4Jh0c5j9IG9zKoVpuTMyoTz5e81oMZZj9-WZzHrQ8sU2NoP6jErIIhEvKbyAiSMrVr6kPsq3zwJqzjnjDh3lsA4NacuO0VJkPuU9iVjOKUlTgtwzI8PlBV94eohDRXQ6t49tASXLTew_s0=w1280","https://lh3.googleusercontent.com/sitesv/AG8ngQXUtfblTvMHNdiMeRXFV4vyjJqtUN1wg1Wt9-rhd0L9X5m9dJuFFTu6MaYmXOFbpUkR5y9OdP5wFEFLiBHqKq7nO9Qvr4Jh0c5j9IG9zKoVpuTMyoTz5e81oMZZj9-WZzHrQ8sU2NoP6jErIIhEvKbyAiSMrVr6kPsq3zwJqzjnjDh3lsA4NacuO0VJkPuU9iVjOKUlTgtwzI8PlBV94eohDRXQ6t49tASXLTew_s0=w1280"
"asset-043.jpg","blocked","https://lh3.googleusercontent.com/sitesv/AG8ngQXyH_0DOImFQ9vNYoutsVZoeQ3yM6p35Az8SlE9zLYcZ2kKiiDXBXbiSQVvWWyhB3Ff0h20d0vz2e3AFFSgVBUHnGSvb8hXB6ZXdsgjgeHtbVbHtWMKxOEpXH3hNdYNPuHwI96syY7JlpEB1m1EPd12_FyktEYWU01AgwAMrpnqrt1bcYlo9g9a6Ekipoo=w16383","https://lh3.googleusercontent.com/sitesv/AG8ngQXyH_0DOImFQ9vNYoutsVZoeQ3yM6p35Az8SlE9zLYcZ2kKiiDXBXbiSQVvWWyhB3Ff0h20d0vz2e3AFFSgVBUHnGSvb8hXB6ZXdsgjgeHtbVbHtWMKxOEpXH3hNdYNPuHwI96syY7JlpEB1m1EPd12_FyktEYWU01AgwAMrpnqrt1bcYlo9g9a6Ekipoo=w16383"
